placeId,address,sub_channel,phone,latitude,longitude,googleUrl,outlet_name
Jw5e5c8L9DDkRR5ID8niIvIs," Rajiv Chowk, B Block, Connaught Place, New Delhi, Delhi 110001",Pharmacy, 1800 889 8000,28.63417,77.2192,https://www.google.com/maps/place/H%26M/data=!4m7!3m6!1s0x390cfdc273b997c3:0x8bbc8878f2039247!8m2!3d28.63417!4d77.2192!16s%2Fg%2F11c1s3229r!19sChIJw5e5c8L9DDkRR5ID8niIvIs?authuser=0&hl=en&rclk=1,H&M
Jq6qqPzb9DDkRqspUorgpw3o," SHOP NO 172 , ENTRY FROM GATE NO 6, Palika Bazar, Connaught Place, New Delhi, Delhi 110001",Perfume store, 011 2332 1031,28.6307131,77.2193827,https://www.google.com/maps/place/Jain+Super+Store/data=!4m7!3m6!1s0x390cfd363faaaaab:0x7ac329b8a254caaa!8m2!3d28.6307131!4d77.2193827!16s%2Fg%2F1tdmnfns!19sChIJq6qqPzb9DDkRqspUorgpw3o?authuser=0&hl=en&rclk=1,Jain Super Store
JZxOonzf9DDkRJ0-B-vFQ3m4," number 4, E Block, E-5, Rajiv Chowk, opposite Metro Gate, Connaught Place, New Delhi, Delhi 110001",Home goods store, 011 4019 7665,28.6330279,77.2213922,https://www.google.com/maps/place/MINISO+CP/data=!4m7!3m6!1s0x390cfd379fa81367:0x6ede50f1fa814f27!8m2!3d28.6330279!4d77.2213922!16s%2Fg%2F11hcy_61d2!19sChIJZxOonzf9DDkRJ0-B-vFQ3m4?authuser=0&hl=en&rclk=1,MINISO CP
Jd-3rnjD9DDkRCk-jwCG6sn8," Hamilton House, CONNAUGHT PLACE, A-1, next to Starbucks Coffee, Block A, Connaught Place, New Delhi, Delhi 110001",Pharmacy, 011 4304 8296,28.6322495,77.2178216,"https://www.google.com/maps/place/Fabindia,+Connaught+Place+%28A+Block%29/data=!4m7!3m6!1s0x390cfd309eebed77:0x7fb2ba21c0a34f0a!8m2!3d28.6322495!4d77.2178216!16s%2Fg%2F1wf36z_s!19sChIJd-3rnjD9DDkRCk-jwCG6sn8?authuser=0&hl=en&rclk=1","Fabindia, Connaught Place (A Block)"
JO1Zdzkn9DDkRSUeULbmtONo," No M55, Ground Floor, Opposite Haldiram, Connaught Place, New Delhi, Delhi 110001",Cosmetics store, 095134 43856,28.6337683,77.2224373,https://www.google.com/maps/place/The+Body+Shop/data=!4m7!3m6!1s0x390cfd49ce5d563b:0xda38adb92d944749!8m2!3d28.6337683!4d77.2224373!16s%2Fg%2F11bwfm6vn_!19sChIJO1Zdzkn9DDkRSUeULbmtONo?authuser=0&hl=en&rclk=1,The Body Shop
Jbw25cTf9DDkRt54TjVfjwyk," Ground Floor, Odeon Cine Complex, Middle Cir, D Block, Connaught Place, New Delhi, Delhi 110001 Located in: Odeon",Electronics store, 084474 13473,28.634153,77.2213305,https://www.google.com/maps/place/Croma+-+Odeon+CP/data=!4m7!3m6!1s0x390cfd3771b90d6f:0x29c3e3578d139eb7!8m2!3d28.634153!4d77.2213305!16s%2Fg%2F12hlzsxzl!19sChIJbw25cTf9DDkRt54TjVfjwyk?authuser=0&hl=en&rclk=1,Croma - Odeon CP
J7RrOnBv9DDkRY2urtGlPLUg," Building No. 1, 1-A, Radial Rd Number 2, Block A, Connaught Place, New Delhi, Delhi 110001",Pharmacy, 011 4401 6000,28.6323437,77.2177076,"https://www.google.com/maps/place/UNIQLO+Connaught+Place,+Delhi/data=!4m7!3m6!1s0x390cfd1b9cce1aed:0x482d4f69b4ab6b63!8m2!3d28.6323437!4d77.2177076!16s%2Fg%2F11jszpq1_n!19sChIJ7RrOnBv9DDkRY2urtGlPLUg?authuser=0&hl=en&rclk=1","UNIQLO Connaught Place, Delhi"
J3w2BVEj9DDkRfWNOZEiDkdw," Block G, Connaught Place, New Delhi, Delhi 110001",PharmacyOpen ⋅ Closes 11 pm, 080 4101 8123,28.6339233,77.217019,https://www.google.com/maps/place/Apollo+Pharmacy+-+Connaught+Place/data=!4m7!3m6!1s0x390cfd4854810ddf:0xdc918348644e637d!8m2!3d28.6339233!4d77.217019!16s%2Fg%2F124yb7n0b!19sChIJ3w2BVEj9DDkRfWNOZEiDkdw?authuser=0&hl=en&rclk=1,Apollo Pharmacy - Connaught Place
J1TYCHTj9DDkRguyXSs-TBkY," GF Plaza cinema bldg, Block H, Connaught Place, New Delhi, Delhi 110001 Floor 0 · PVR Plaza-CP,Delhi",Pharmacy, 096500 03401,28.6350721,77.2195027,https://www.google.com/maps/place/Marks+and+Spencer/data=!4m7!3m6!1s0x390cfd381d0236d5:0x460693cf4a97ec82!8m2!3d28.6350721!4d77.2195027!16s%2Fg%2F12hkcbt6f!19sChIJ1TYCHTj9DDkRguyXSs-TBkY?authuser=0&hl=en&rclk=1,Marks and Spencer
JcRt8HEj9DDkRLqZLs82Xhew," Shop No. 2G Ground Floor Marine Arcade Rajiv chowk metro station Gate no 1, Block G, Connaught Place, New Delhi, Delhi 110001",Pharmacy, 098994 41605,28.6338409,77.2174297,https://www.google.com/maps/place/Nath+Brothers/data=!4m7!3m6!1s0x390cfd481c7c1b71:0xec8597cdb34ba62e!8m2!3d28.6338409!4d77.2174297!16s%2Fg%2F1tdb76dp!19sChIJcRt8HEj9DDkRLqZLs82Xhew?authuser=0&hl=en&rclk=1,Nath Brothers
JU0LT6Un9DDkRwyP0LYELdZA," 10, Regal Building, Sansad Marg, beside Barista, Hanuman Road Area, Connaught Place, New Delhi, Delhi 110001",Pharmacy, 011 2334 0971,28.6301162,77.2174334,https://www.google.com/maps/place/The+Shop/data=!4m7!3m6!1s0x390cfd49e9d34253:0x90750b812df423c3!8m2!3d28.6301162!4d77.2174334!16s%2Fg%2F12hkl6jmt!19sChIJU0LT6Un9DDkRwyP0LYELdZA?authuser=0&hl=en&rclk=1,The Shop
JDdV2GTf9DDkRUCWl79BG3bg," Shop E, 10, Rajiv Chowk, Block E, Connaught Place, New Delhi, Delhi 110001 Located in: Rajiv Chowk",Pharmacy, 011 4081 0501,28.633792,77.22097,https://www.google.com/maps/place/W+for+Woman+CP+E+-+Block/data=!4m7!3m6!1s0x390cfd371976d50d:0xb8dd46d0efa52550!8m2!3d28.633792!4d77.22097!16s%2Fg%2F11c5rt_54l!19sChIJDdV2GTf9DDkRUCWl79BG3bg?authuser=0&hl=en&rclk=1,W for Woman CP E - Block
JL3p9fjb9DDkR6nXlf7fa4Dg," F-19, Connaught Cir, Block F, Connaught Place, New Delhi, Delhi 110001",Pharmacy, 070115 30151,28.6313115,77.2200454,https://www.google.com/maps/place/Ivory+Palace+Store+In+Cp+%7C+Colorplus+%7C+U+S+POLO+ASSN+%7C+Madame+%7C+Park+Avenue/data=!4m7!3m6!1s0x390cfd367e7d7a2f:0x38e0dab77fe575ea!8m2!3d28.6313115!4d77.2200454!16s%2Fg%2F1wj_rndp!19sChIJL3p9fjb9DDkR6nXlf7fa4Dg?authuser=0&hl=en&rclk=1,Ivory Palace Store In Cp | Colorplus | U S POLO ASSN | Madame | Park Avenue
Jv8FvSDH9DDkRu6hi5JfBZdI," B-45/47 , Radial Road Number 4, PVR Cinema Road, BLock B, Connaught Place, New Delhi, Delhi 110001",Western apparel store, 091360 16046,28.6346732,77.2195764,https://www.google.com/maps/place/AND+Connaught+Place/data=!4m7!3m6!1s0x390cfd31486fc1bf:0xd265c197e462a8bb!8m2!3d28.6346732!4d77.2195764!16s%2Fg%2F11bttgs839!19sChIJv8FvSDH9DDkRu6hi5JfBZdI?authuser=0&hl=en&rclk=1,AND Connaught Place
Jx4nUQzL9DDkRSBy8VvVxC_8," Marina Arcade, G-21, Connaught Cir, Block G, Connaught Place, New Delhi, Delhi 110001",Cell phone store, 098999 49990,28.632925,77.2167304,https://www.google.com/maps/place/Telepathy/data=!4m7!3m6!1s0x390cfd3243d489c7:0xff0b71f556bc1c48!8m2!3d28.632925!4d77.2167304!16s%2Fg%2F11xh3fnjt!19sChIJx4nUQzL9DDkRSBy8VvVxC_8?authuser=0&hl=en&rclk=1,Telepathy
Jv3KLLUj9DDkRY-gol3vJ8jo," G 52, Block G, Connaught Place, New Delhi, Delhi 110001",Sportswear store, 011 4358 2596,28.6317445,77.2169799,https://www.google.com/maps/place/Sports+Station/data=!4m7!3m6!1s0x390cfd482d8b72bf:0x3af2c97b9728e863!8m2!3d28.6317445!4d77.2169799!16s%2Fg%2F11byyqr4ld!19sChIJv3KLLUj9DDkRY-gol3vJ8jo?authuser=0&hl=en&rclk=1,Sports Station
JFbF6SO79DDkR4jbUvkKSfdI," No A, 2, Rajiv Chowk, Block A, Connaught Place, New Delhi, Delhi 110001",Men's Pharmacy, 098196 35162,28.6324635,77.2180766,"https://www.google.com/maps/place/Rare+Rabbit,+Connaught+Place/data=!4m7!3m6!1s0x390cfdee487ab115:0xd27d9242bed436e2!8m2!3d28.6324635!4d77.2180766!16s%2Fg%2F11sjjww5jx!19sChIJFbF6SO79DDkR4jbUvkKSfdI?authuser=0&hl=en&rclk=1","Rare Rabbit, Connaught Place"
JU3pYji79DDkRen5o9jm2rjA," Ground Floor, 25 f, Rajiv Chowk, Block F, Connaught Place, New Delhi, Delhi 110001",Sporting goods store, 098110 19357,28.6313059,77.2196378,https://www.google.com/maps/place/Gupta+Sports+House/data=!4m7!3m6!1s0x390cfd2e8e587a53:0x30aeb639f6687e7a!8m2!3d28.6313059!4d77.2196378!16s%2Fg%2F11rvdfg9cd!19sChIJU3pYji79DDkRen5o9jm2rjA?authuser=0&hl=en&rclk=1,Gupta Sports House
JMZ5S7Tf9DDkR3iLfjLFukAQ," B-28, Rajiv Chowk, Block B, Connaught Place, New Delhi, Delhi 110001",Pharmacy, 011 4151 3334,28.634304,77.219266,https://www.google.com/maps/place/Planet+Fashion/data=!4m7!3m6!1s0x390cfd37ed529e31:0x4906eb18cdf22de!8m2!3d28.634304!4d77.219266!16s%2Fg%2F12h_b87s8!19sChIJMZ5S7Tf9DDkR3iLfjLFukAQ?authuser=0&hl=en&rclk=1,Planet Fashion
Jk_Wd-SL9DDkRnI8p2r0eGSQ," N9, Connaught Cir, Block N, Connaught Place, New Delhi, Delhi 110001",Electronics store, 095992 33538,28.630095,77.219866,https://www.google.com/maps/place/Future+World+-+Apple+Premium+Reseller+Authorised+Service+Provider/data=!4m7!3m6!1s0x390cfd22f99df593:0x24191ebdda298f9c!8m2!3d28.630095!4d77.219866!16s%2Fg%2F11fmhnndx2!19sChIJk_Wd-SL9DDkRnI8p2r0eGSQ?authuser=0&hl=en&rclk=1,Future World - Apple Premium Reseller Authorised Service Provider
Jm-sg_jb9DDkR89sQWlZtk8w," F-20, Connaught Place, New Delhi, Delhi 110001",Men's Pharmacy, 011 4152 3006,28.6318403,77.2190339,https://www.google.com/maps/place/JACK%26JONES+STORE/data=!4m7!3m6!1s0x390cfd36fe20eb9b:0xcc936d565a10dbf3!8m2!3d28.6318403!4d77.2190339!16s%2Fg%2F11ck3b3g1_!19sChIJm-sg_jb9DDkR89sQWlZtk8w?authuser=0&hl=en&rclk=1,JACK&JONES STORE
JHUwcczf9DDkR7HNui-BSyvk," D-8, D Block, Connaught Place, New Delhi, Delhi 110001",Pharmacy, 011 4019 7634,28.6339039,77.2208676,https://www.google.com/maps/place/Snowhite+Square/data=!4m7!3m6!1s0x390cfd37731c4c1d:0xf9ca52e08b6e73ec!8m2!3d28.6339039!4d77.2208676!16s%2Fg%2F12hqnl44g!19sChIJHUwcczf9DDkR7HNui-BSyvk?authuser=0&hl=en&rclk=1,Snowhite Square
Jj_lM4Tb9DDkRz0clvfsCtIw," E-23, Block E, Connaught Place, New Delhi, Delhi 110001",Grocery store, 011 4151 7456,28.6319856,77.2215145,https://www.google.com/maps/place/The+Oriental+Fruits+Mart/data=!4m7!3m6!1s0x390cfd36e14cf98f:0x8cb402fbbd2547cf!8m2!3d28.6319856!4d77.2215145!16s%2Fg%2F1tffs9gd!19sChIJj_lM4Tb9DDkRz0clvfsCtIw?authuser=0&hl=en&rclk=1,The Oriental Fruits Mart
JXSkMp5T9DDkRBvORtLIt2vs," F, 13, Rajiv Chowk, near Metro Gate No: 5, Block F, Connaught Place, New Delhi, Delhi 110001",Pharmacy, 011 4578 5556,28.6313629,77.2205529,"https://www.google.com/maps/place/Allen+Solly,+CP,+Family+Store/data=!4m7!3m6!1s0x390cfd94a70c295d:0xfbda2db2b491f306!8m2!3d28.6313629!4d77.2205529!16s%2Fg%2F1v2gc3px!19sChIJXSkMp5T9DDkRBvORtLIt2vs?authuser=0&hl=en&rclk=1","Allen Solly, CP, Family Store"
JtTyDEEj9DDkRiHuU5UhMszU," No P6, 90, Connaught Cir, Block P, Connaught Place, New Delhi, Delhi 110001",Computer Hardware Company, 086575 68541,28.6317949,77.2162755,https://www.google.com/maps/place/HP+World+-+Connaught+Place/data=!4m7!3m6!1s0x390cfd4810833cb5:0x35b34c48e5947b88!8m2!3d28.6317949!4d77.2162755!16s%2Fg%2F12ll2gm99!19sChIJtTyDEEj9DDkRiHuU5UhMszU?authuser=0&hl=en&rclk=1,HP World - Connaught Place
JJ03aITf9DDkRaxiwh0rTPPc," Shop No E1, Gate No 4, Rajiv Chowk, opposite Metro Station, Block E, Connaught Place, New Delhi, Delhi 110001",Watch store, 089291 05293,28.6333096,77.2214161,https://www.google.com/maps/place/Titan+World/data=!4m7!3m6!1s0x390cfd3721da4d27:0xf73cd34a87b0186b!8m2!3d28.6333096!4d77.2214161!16s%2Fg%2F1tf6kl6n!19sChIJJ03aITf9DDkRaxiwh0rTPPc?authuser=0&hl=en&rclk=1,Titan World
Jw6YKOeH9DDkR3gerYHDsBRM," No G, 54, Radial Rd Number 2, Block G, Connaught Place, New Delhi, Delhi 110001",Electronics store, 011 4951 6428,28.6317391,77.2169804,https://www.google.com/maps/place/Future+World+-+Apple+Authorised+Reseller+Authorised+Service+Provider/data=!4m7!3m6!1s0x390cfde1390aa6c3:0x1305ec7060ab07de!8m2!3d28.6317391!4d77.2169804!16s%2Fg%2F1hc1ylf74!19sChIJw6YKOeH9DDkR3gerYHDsBRM?authuser=0&hl=en&rclk=1,Future World - Apple Authorised Reseller Authorised Service Provider
J9WM9cDf9DDkRYvvU_INeXqg," D-1, Odeon Building, Radial Rd 5, Connaught Place, New Delhi, Delhi 110001",Toy store, 011 2341 2065,28.6343115,77.2211807,https://www.google.com/maps/place/Ram+Chander+%26+Sons+Toy+Store/data=!4m7!3m6!1s0x390cfd37703d63f5:0xa85e5e83fcd4fb62!8m2!3d28.6343115!4d77.2211807!16s%2Fg%2F1tf_r7q5!19sChIJ9WM9cDf9DDkRYvvU_INeXqg?authuser=0&hl=en&rclk=1,Ram Chander & Sons Toy Store
JNXcKNEj9DDkRVKCdD1wKPSI," N Block, N-22, Connaught Cir, Block N, Connaught Place, New Delhi, Delhi 110001",Cell phone store, 011 2332 1066,28.6303688,77.2209381,https://www.google.com/maps/place/Samsung+Experience+Store+-+Siyaram+Brothers+-+Connaught+Place/data=!4m7!3m6!1s0x390cfd48340a7735:0x223d0a5c0f9da054!8m2!3d28.6303688!4d77.2209381!16s%2Fg%2F1tds5293!19sChIJNXcKNEj9DDkRVKCdD1wKPSI?authuser=0&hl=en&rclk=1,Samsung Experience Store - Siyaram Brothers - Connaught Place
JBx2xxTf9DDkRd7UVF7kgCKo," No. 12, C Block, Rajiv Chowk, Block C, Connaught Place, New Delhi, Delhi 110001",Pharmacy, 080 4809 0950,28.6343363,77.2203912,https://www.google.com/maps/place/Park+Avenue/data=!4m7!3m6!1s0x390cfd37c5b11d07:0xaa0820b91715b577!8m2!3d28.6343363!4d77.2203912!16s%2Fg%2F1vjdnft4!19sChIJBx2xxTf9DDkRd7UVF7kgCKo?authuser=0&hl=en&rclk=1,Park Avenue
JvT0k3kn9DDkRC7QIAsjz9TI," Regal Building, 16 A, Connaught Place, New Delhi, Delhi 110001",Leather goods store, 011 4150 1238,28.6305407,77.2173963,https://www.google.com/maps/place/Sreeleathers+Showroom/data=!4m7!3m6!1s0x390cfd49de243dbd:0x32f5f3c80208b40b!8m2!3d28.6305407!4d77.2173963!16s%2Fg%2F124yp00mr!19sChIJvT0k3kn9DDkRC7QIAsjz9TI?authuser=0&hl=en&rclk=1,Sreeleathers Showroom
JY2xo9MriDDkREUnh7_iuhnQ," Shop No N 1, Gate 6, near Palika Parking, Block N, Connaught Place, New Delhi, Delhi 110001",Home audio store, 080 3778 2694,28.6302535,77.2198838,https://www.google.com/maps/place/The+Bose+Store/data=!4m7!3m6!1s0x390ce2caf4686c63:0x7486aef8efe14911!8m2!3d28.6302535!4d77.2198838!16s%2Fg%2F1hc223_h5!19sChIJY2xo9MriDDkREUnh7_iuhnQ?authuser=0&hl=en&rclk=1,The Bose Store
J6aYR7Tf9DDkR-soEb8jmhWE," 19, Block B, B, Near, Mc Donald, Inner Circle, Connaught Place, New Delhi, Delhi 110001",Pharmacy, 011 4567 4047,28.6340992,77.2188951,https://www.google.com/maps/place/Levi%27s+Exclusive+Store/data=!4m7!3m6!1s0x390cfd37ed11a6e9:0x6185e6c86f04cafa!8m2!3d28.6340992!4d77.2188951!16s%2Fg%2F12hwh8dh0!19sChIJ6aYR7Tf9DDkR-soEb8jmhWE?authuser=0&hl=en&rclk=1,Levi's Exclusive Store
JAzzMcjf9DDkRNSZLdMaMP4o," D-9 Near Odeon Cinema, Rajiv Chowk, Connaught Place, New Delhi, Delhi 110001",Shoe store, 011 2341 7712,28.6339077,77.2210939,https://www.google.com/maps/place/The+Heels/data=!4m7!3m6!1s0x390cfd3772cc3c03:0x8a3f8cc6744b2635!8m2!3d28.6339077!4d77.2210939!16s%2Fg%2F1tdw1vwz!19sChIJAzzMcjf9DDkRNSZLdMaMP4o?authuser=0&hl=en&rclk=1,The Heels
JfQW2sDX9DDkRFqetHBQr36A," Sony Center, F 30, Janpath Rd, Block F, Connaught Place, New Delhi, Delhi 110001",Electronics store, 011 4123 5777,28.6307572,77.2197979,https://www.google.com/maps/place/SONY+CENTER+-+AVIT+DIGITAL/data=!4m7!3m6!1s0x390cfd35b0b6057d:0xa0df2b141cada716!8m2!3d28.6307572!4d77.2197979!16s%2Fg%2F1tctk4w9!19sChIJfQW2sDX9DDkRFqetHBQr36A?authuser=0&hl=en&rclk=1,SONY CENTER - AVIT DIGITAL
JCZ2dujf9DDkRa7FxA-U6WsQ," # F-6, Rajiv Chowk, Connaught Place, New Delhi, Delhi 110001",Pharmacy, 011 2331 3758,28.6317583,77.220936,https://www.google.com/maps/place/Tommy+Hilfiger+Store/data=!4m7!3m6!1s0x390cfd37ba9d9d09:0xc45a3ae50371b16b!8m2!3d28.6317583!4d77.220936!16s%2Fg%2F12hv4w8vc!19sChIJCZ2dujf9DDkRa7FxA-U6WsQ?authuser=0&hl=en&rclk=1,Tommy Hilfiger Store
JsSRokTb9DDkRun7xtB--CIs," N-40,Outer Cirlce, Connaught Place, New Delhi, Delhi 110001",Camera store, 093112 28730,28.6307479,77.221515,https://www.google.com/maps/place/Canon+Flagship+Store/data=!4m7!3m6!1s0x390cfd36916824b1:0x8b08be1fb4f17eba!8m2!3d28.6307479!4d77.221515!16s%2Fg%2F1tftjljx!19sChIJsSRokTb9DDkRun7xtB--CIs?authuser=0&hl=en&rclk=1,Canon Flagship Store
JU_yJHSv9DDkRNkHGQYS7uo4," Gate No. 8, Metro Station, Shop #A-14 A Block, Connaught Cir, New Delhi, Delhi 110001",Men's Pharmacy, 011 4375 0018,28.6331865,77.2181373,https://www.google.com/maps/place/Louis+Philippe+-+CP+A+Block/data=!4m7!3m6!1s0x390cfd2b1d89fc53:0x8ebabb8441c64136!8m2!3d28.6331865!4d77.2181373!16s%2Fg%2F11b6j6kb79!19sChIJU_yJHSv9DDkRNkHGQYS7uo4?authuser=0&hl=en&rclk=1,Louis Philippe - CP A Block
JgQV9yjD9DDkR6wEJ1cl0k_o," D Block, Shop-5 Inner Circle, STREET NO 5, near BATA SHOW, Connaught Place, New Delhi, Delhi 110001 Located in: Rajiv Chowk",Pharmacy, 099533 28078,28.6339219,77.220817,https://www.google.com/maps/place/JOCKEY+STORE+%28STOCKIST%29/data=!4m7!3m6!1s0x390cfd30ca7d0581:0xfa9374c9d50901eb!8m2!3d28.6339219!4d77.220817!16s%2Fg%2F1pxq80r56!19sChIJgQV9yjD9DDkR6wEJ1cl0k_o?authuser=0&hl=en&rclk=1,JOCKEY STORE (STOCKIST)
J4TE7HDf9DDkRW5InAHZRO6g," no- 4, E-3,Ground, Mezzanine & E-30, First and second floor, Rajiv Chowk, near Metro gate, Block E, Connaught Place, New Delhi, Delhi 110001",Sportswear store, 092891 36471,28.633101,77.221446,https://www.google.com/maps/place/Adidas+Store/data=!4m7!3m6!1s0x390cfd371c3b31e1:0xa83b51760027925b!8m2!3d28.633101!4d77.221446!16s%2Fg%2F1262g9w3f!19sChIJ4TE7HDf9DDkRW5InAHZRO6g?authuser=0&hl=en&rclk=1,Adidas Store
JEelMwTf9DDkRWoExgq6CRkI," 16 -B, Ground Floor, Inner Circle, Connaught Place, New Delhi, Delhi 110001",Shoe store, 011 4358 1891,28.6342823,77.2194729,https://www.google.com/maps/place/Woodland/data=!4m7!3m6!1s0x390cfd37c14ce911:0x424682ae8231815a!8m2!3d28.6342823!4d77.2194729!16s%2Fg%2F1tk6t8z9!19sChIJEelMwTf9DDkRWoExgq6CRkI?authuser=0&hl=en&rclk=1,Woodland
J0S4b7Df9DDkRBXhY55uARYg," No B16, B Block, Rajiv Chowk, opposite Metro Gate No 1, Block B, Connaught Place, New Delhi, Delhi 110001",Outdoor clothing and equipment shop, 011 4902 7802,28.634142,77.2190296,https://www.google.com/maps/place/Wildcraft/data=!4m7!3m6!1s0x390cfd37ec1b2ed1:0x8845809be7587805!8m2!3d28.634142!4d77.2190296!16s%2Fg%2F11c6c8668p!19sChIJ0S4b7Df9DDkRBXhY55uARYg?authuser=0&hl=en&rclk=1,Wildcraft
JK4HFHTf9DDkRHTZhiaANK1w," 11-E, Inner Circle, Block E, Connaught Place, Delhi, New Delhi, Delhi 110001",Pharmacy, 080 6986 7481,28.6325588,77.2214154,https://www.google.com/maps/place/The+Raymond+shop/data=!4m7!3m6!1s0x390cfd371dc5812b:0x5c2b0da08961361d!8m2!3d28.6325588!4d77.2214154!16s%2Fg%2F12lkkrbpn!19sChIJK4HFHTf9DDkRHTZhiaANK1w?authuser=0&hl=en&rclk=1,The Raymond shop
JHT-X7jf9DDkRz3oUIeeiIZE," D-4, Radial Rd 5, D Block, Connaught Place, New Delhi, Delhi 110001",Shoe store, 092508 08868,28.6340125,77.2207747,https://www.google.com/maps/place/Bata+Shoe+Store/data=!4m7!3m6!1s0x390cfd37ee973f1d:0x9121a2e721147acf!8m2!3d28.6340125!4d77.2207747!16s%2Fg%2F1pw3yx5v7!19sChIJHT-X7jf9DDkRz3oUIeeiIZE?authuser=0&hl=en&rclk=1,Bata Shoe Store
Jm_PO2Ob9DDkRMnjp6xMVu3k," No. C, C Block, 15, Rajiv Chowk, Block C, Connaught Place, New Delhi, Delhi 110001",Pharmacy, 011 4351 5627,28.6342019,77.2204811,https://www.google.com/maps/place/Van+Heusen+Connaught+Place+-+C+Block/data=!4m7!3m6!1s0x390cfde6d8cef39b:0x79bb1513ebe97832!8m2!3d28.6342019!4d77.2204811!16s%2Fg%2F11sb7_9lnr!19sChIJm_PO2Ob9DDkRMnjp6xMVu3k?authuser=0&hl=en&rclk=1,Van Heusen Connaught Place - C Block
Jh1555zf9DDkRYNaJIqb5Wao," No A24, Block A, Connaught Place, Delhi, New Delhi, Delhi 110001 Floor 0 · Rajiv Chowk",Cell phone store, 095600 99749,28.633705,77.2177549,https://www.google.com/maps/place/Hotspot+Mobile+Store/data=!4m7!3m6!1s0x390cfd37e7795e87:0xaa59f9a62289d660!8m2!3d28.633705!4d77.2177549!16s%2Fg%2F11bbt8h_x6!19sChIJh1555zf9DDkRYNaJIqb5Wao?authuser=0&hl=en&rclk=1,Hotspot Mobile Store
JRfRBUpn8DDkR_MoVmcstNc4," Mezzanine Floor, No:4, Block C-6, Ground, &, Radial Road, Delhi, 110001 Located in: Jain Book Depot",Pharmacy, 011 4579 4102,28.6345831,77.2200787,"https://www.google.com/maps/place/Go+Colors+-+Connaught+Place+%7C+Women%27s+Leggings,+Jeans+%26+Pants/data=!4m7!3m6!1s0x390cfc995241f445:0xce352dcb9915cafc!8m2!3d28.6345831!4d77.2200787!16s%2Fg%2F11f4r114mk!19sChIJRfRBUpn8DDkR_MoVmcstNc4?authuser=0&hl=en&rclk=1","Go Colors - Connaught Place | Women's Leggings, Jeans & Pants"
JT64yWHT9DDkRTd2xcYJ_mSo," Auliya Masjid, shop no 33 NDMC Market, Outer Circle, Connaught Place Opposite Lazeez Affair Block K Connaught Place outer circle, Minto Rd, Before, New Delhi, Delhi 110001",Cell phone store, 088609 58882,28.6355414,77.2208503,https://www.google.com/maps/place/iGENIUS+%7C+Apple+Authorised+Store+%7C+Apple+Service+%7C/data=!4m7!3m6!1s0x390cfd745832ae4f:0x2a997f8271b1dd4d!8m2!3d28.6355414!4d77.2208503!16s%2Fg%2F11h578_0m5!19sChIJT64yWHT9DDkRTd2xcYJ_mSo?authuser=0&hl=en&rclk=1,iGENIUS | Apple Authorised Store | Apple Service |
JRbjCa8j9DDkRJQYJrjJMeqI," Shop No B22 and B23, Ground Floor, Rajiv Chowk, Block B, Connaught Place, Central Delhi, New Delhi, Delhi 110001",Pharmacy, 092059 54098,28.6342137,77.2190474,https://www.google.com/maps/place/Jockey+Exclusive+Store/data=!4m7!3m6!1s0x390cfdc86bc2b845:0xa27a4c32ae090625!8m2!3d28.6342137!4d77.2190474!16s%2Fg%2F11s86vfhdb!19sChIJRbjCa8j9DDkRJQYJrjJMeqI?authuser=0&hl=en&rclk=1,Jockey Exclusive Store
JPToc01LiDDkRhlijj6y14ZE," C-7, Rajiv Chowk, Connaught Place, New Delhi, Delhi 110001 Floor 0 · Manyavar",Shoe store, 095558 31494,28.6340051,77.2199106,https://www.google.com/maps/place/Hush+Puppies+Store/data=!4m7!3m6!1s0x390ce252d31c3a3d:0x91e1b5ac8fa35886!8m2!3d28.6340051!4d77.2199106!16s%2Fg%2F11b7m9kx26!19sChIJPToc01LiDDkRhlijj6y14ZE?authuser=0&hl=en&rclk=1,Hush Puppies Store
Je3AA6zf9DDkRRN7pNxhgdCQ," Rajiv Chowk Metro Station, RCK/K-30 Gate 1, 2, Unpaid Area, New Delhi, Delhi 110001 Located in: Rajiv Chowk",Department store, 089293 59777,28.6341454,77.2188525,https://www.google.com/maps/place/WHSmith+Store/data=!4m7!3m6!1s0x390cfd37eb00707b:0x2474601837e9de44!8m2!3d28.6341454!4d77.2188525!16s%2Fg%2F11bxc3q5tg!19sChIJe3AA6zf9DDkRRN7pNxhgdCQ?authuser=0&hl=en&rclk=1,WHSmith Store
JkbbRGyv9DDkRTISpwgGQTG4," F, 11, Block F, Connaught Place, New Delhi, Delhi 110001",Pharmacy, 092666 29312,28.6315776,77.2206429,https://www.google.com/maps/place/Cantabil/data=!4m7!3m6!1s0x390cfd2b1bd1b691:0x6e4c9001c2a9844c!8m2!3d28.6315776!4d77.2206429!16s%2Fg%2F1tdn719h!19sChIJkbbRGyv9DDkRTISpwgGQTG4?authuser=0&hl=en&rclk=1,Cantabil
JL6z2Eun9DDkRxGcT_-GAEl8," No. 3, Metro Station Gate, CONNAUGHT PLACE, Shop # E-17 E-Block, New Delhi, Delhi 110001",Men's Pharmacy, 011 4100 2316,28.6322394,77.221248,https://www.google.com/maps/place/Louis+Philippe+CP-E+Block/data=!4m7!3m6!1s0x390cfde912f6ac2f:0x5f1280e1ff1367c4!8m2!3d28.6322394!4d77.221248!16s%2Fg%2F11r8mjwc1v!19sChIJL6z2Eun9DDkRxGcT_-GAEl8?authuser=0&hl=en&rclk=1,Louis Philippe CP-E Block
JydoTm-L9DDkRUV99MBrmz-c," shop no 24, B 24 block, Connaught Ln, Hanuman Road Area, Connaught Place, New Delhi, Delhi 110001",Shoe store, 084486 65735,28.6310484,77.2166368,https://www.google.com/maps/place/Bata+Shoe+Store/data=!4m7!3m6!1s0x390cfde29b13dac9:0xe7cfe61a307d5f51!8m2!3d28.6310484!4d77.2166368!16s%2Fg%2F11tp49wgks!19sChIJydoTm-L9DDkRUV99MBrmz-c?authuser=0&hl=en&rclk=1,Bata Shoe Store
Jlxxg4Db9DDkRwvtD2UkXkQo," E Block, 9, Middle Cir, Inner Circle, Block E, Connaught Place, New Delhi, Delhi 110001",Men's Pharmacy, 011 4323 4323,28.632817,77.221532,https://www.google.com/maps/place/Jainson/data=!4m7!3m6!1s0x390cfd36e0601c97:0xa911749d943fbc2!8m2!3d28.632817!4d77.221532!16s%2Fg%2F1tgxgfx3!19sChIJlxxg4Db9DDkRwvtD2UkXkQo?authuser=0&hl=en&rclk=1,Jainson
Jr2bI5cniDDkRH0jux_xuCYA," C-4 Oppsites Pvr Plaza, Connaught Place, New Delhi, Delhi 110001 Located in: Go Colors - Connaught Place | Women's Leggings, Jeans & Pants",Law Book Store, 089291 07101,28.6346329,77.2200736,https://www.google.com/maps/place/Jain+Book+Depot/data=!4m7!3m6!1s0x390ce2c9e5c866af:0x80096efcc7ee481f!8m2!3d28.6346329!4d77.2200736!16s%2Fg%2F1tgwqn05!19sChIJr2bI5cniDDkRH0jux_xuCYA?authuser=0&hl=en&rclk=1,Jain Book Depot
JL3p9fjb9DDkRqMJyrSXnHHA," B-21, Rajiv Chowk, Block B, Connaught Place, New Delhi, Delhi 110001",Men's Pharmacy, 011 4151 3894,28.6343507,77.2193593,https://www.google.com/maps/place/Mohanlal+Sons/data=!4m7!3m6!1s0x390cfd367e7d7a2f:0x701ce725ad72c2a8!8m2!3d28.6343507!4d77.2193593!16s%2Fg%2F1tfwhrqz!19sChIJL3p9fjb9DDkRqMJyrSXnHHA?authuser=0&hl=en&rclk=1,Mohanlal Sons
JszbP6Tb9DDkRWCc_ZYPbg_w," E - 27, near HP Petrol Pump, Block E, Connaught Place, New Delhi, Delhi 110001",Linens store, 011 2341 8640,28.6318965,77.2216407,https://www.google.com/maps/place/Linen+Club/data=!4m7!3m6!1s0x390cfd36e9cf36b3:0xfc83db83653f2758!8m2!3d28.6318965!4d77.2216407!16s%2Fg%2F12llpn4cx!19sChIJszbP6Tb9DDkRWCc_ZYPbg_w?authuser=0&hl=en&rclk=1,Linen Club
J__9v5zX9DDkR9IcxFNoa85s," Shop No 25, Janpath Bhawan,, Janpath Market, New Delhi, Delhi 110001",Book store, 011 2332 8275,28.62882,77.218512,https://www.google.com/maps/place/Famous+Book+Store/data=!4m7!3m6!1s0x390cfd35e76fffff:0x9bf31ada143187f4!8m2!3d28.62882!4d77.218512!16s%2Fg%2F1tjx_wmc!19sChIJ__9v5zX9DDkR9IcxFNoa85s?authuser=0&hl=en&rclk=1,Famous Book Store
J3_XyNzL9DDkRI-2uqdecfLA," E-12, Rajiv Chowk, Inner Circle, Block E, Connaught Place, New Delhi, Delhi 110001",Leather goods store, 011 4019 1840,28.6325553,77.2214952,https://www.google.com/maps/place/Da+Milano+Italia/data=!4m7!3m6!1s0x390cfd3237f2f5df:0xb07c9cd7a9aeed23!8m2!3d28.6325553!4d77.2214952!16s%2Fg%2F1tkmky7n!19sChIJ3_XyNzL9DDkRI-2uqdecfLA?authuser=0&hl=en&rclk=1,Da Milano Italia
JJRo_97H9DDkRadsACtJK4Zk," shop no.34, N.D.M.C Market, opp. york hotel, Railway Colony, Connaught Place, New Delhi, Delhi 110001",Mobile phone repair shop, 099101 80194,28.6355901,77.2208984,https://www.google.com/maps/place/I+way+support/data=!4m7!3m6!1s0x390cfdb1f73f1a25:0x99e14ad20a00db69!8m2!3d28.6355901!4d77.2208984!16s%2Fg%2F11j31d1cr4!19sChIJJRo_97H9DDkRadsACtJK4Zk?authuser=0&hl=en&rclk=1,I way support
J9UUc0Q39DDkRrm-ribd3KH4," Block P, Connaught Place, New Delhi, Delhi 110001",Computer storeOpen ⋅ Closes 8:30 pm, 080 4800 9636,28.6316468,77.2164051,https://www.google.com/maps/place/Dell+Exclusive+Store+-+Connaught+Place/data=!4m7!3m6!1s0x390cfd0dd11c45f5:0x7e2877b789ab6fae!8m2!3d28.6316468!4d77.2164051!16s%2Fg%2F11pqpg5ctb!19sChIJ9UUc0Q39DDkRrm-ribd3KH4?authuser=0&hl=en&rclk=1,Dell Exclusive Store - Connaught Place
JF9k6mTf9DDkRU7rmR_Y5QSU," Shop No E, 14, Rajiv Chowk, Inner Circle, Block E, Connaught Place, New Delhi, Delhi 110001",Pharmacy, 096190 11347,28.6325099,77.2214595,https://www.google.com/maps/place/Blackberrys/data=!4m7!3m6!1s0x390cfd37993ad917:0x254139f647e6ba53!8m2!3d28.6325099!4d77.2214595!16s%2Fg%2F1vrq80ch!19sChIJF9k6mTf9DDkRU7rmR_Y5QSU?authuser=0&hl=en&rclk=1,Blackberrys
JcdtO7Tf9DDkRyTeYlzRF-w0," Block B, Block-B Connaught Place, B-27, Inner Circle, Block B, Connaught Place, Block B, Connaught Place, New Delhi, Delhi 110001",Shoe store, 011 2332 1408,28.6342523,77.2194086,https://www.google.com/maps/place/Balujas/data=!4m7!3m6!1s0x390cfd37ed4edb71:0xdfb4534979837c9!8m2!3d28.6342523!4d77.2194086!16s%2Fg%2F12hkm43sl!19sChIJcdtO7Tf9DDkRyTeYlzRF-w0?authuser=0&hl=en&rclk=1,Balujas
JD0pQ4jb9DDkR7aHc5SeAdO4," E-20, Block E, Connaught Place, New Delhi, Delhi 110001",Women's Pharmacy, 011 2341 5750,28.6320423,77.2214116,https://www.google.com/maps/place/Greenways/data=!4m7!3m6!1s0x390cfd36e2504a0f:0xee748027e5dca1ed!8m2!3d28.6320423!4d77.2214116!16s%2Fg%2F11cm0x3l4m!19sChIJD0pQ4jb9DDkR7aHc5SeAdO4?authuser=0&hl=en&rclk=1,Greenways
Jy0lnATj9DDkRJADSuy9fRuc," 49, Baba Kharak Singh Rd, Janpath, Connaught Place, New Delhi, Delhi 110001",Pharmacy, 095996 66300,28.6318773,77.2168239,https://www.google.com/maps/place/Hidesign+Boutique/data=!4m7!3m6!1s0x390cfd38016749cb:0xe7465f2fbbd20024!8m2!3d28.6318773!4d77.2168239!16s%2Fg%2F1td_wzw9!19sChIJy0lnATj9DDkRJADSuy9fRuc?authuser=0&hl=en&rclk=1,Hidesign Boutique
JkWqFTGn9DDkRK69QxRLxfGQ," No F14/15, Ground Floor, below Chaayos, Inner Circle, Block F, Connaught Place, New Delhi, Delhi 110001",Women's Pharmacy, 011 4254 7121,28.631385,77.2205133,https://www.google.com/maps/place/BIBA/data=!4m7!3m6!1s0x390cfd694c856a91:0x647cf112c550af2b!8m2!3d28.631385!4d77.2205133!16s%2Fg%2F11f7bzxl63!19sChIJkWqFTGn9DDkRK69QxRLxfGQ?authuser=0&hl=en&rclk=1,BIBA
Jj_vKwzf9DDkRwq8HbKblKP0," Block-B Connaught Place, Block B, Rajiv Chowk, Connaught Place, 17-b, Radial Road Number 3, Block B, Connaught Place, New Delhi, Delhi 110001 Located in: Kuthiala Building",Pharmacy, 011 4378 5544,28.63382,77.2184543,https://www.google.com/maps/place/U.S.+Polo+ASSN./data=!4m7!3m6!1s0x390cfd37c3cafb8f:0xfd28e5a66c07afc2!8m2!3d28.63382!4d77.2184543!16s%2Fg%2F12hplq4q1!19sChIJj_vKwzf9DDkRwq8HbKblKP0?authuser=0&hl=en&rclk=1,U.S. Polo ASSN.
Jm7ntcfL9DDkRKydRh3tV_Zg," No C/11, Ground Floor, near Cafe coffee Day, Connaught Place, New Delhi, Delhi 110001 Located in: Dr.Zombie",Men's Pharmacy, 011 4763 1031,28.6341145,77.219913,https://www.google.com/maps/place/Manyavar/data=!4m7!3m6!1s0x390cfdf271edb99b:0x98fd557b8751272b!8m2!3d28.6341145!4d77.219913!16s%2Fg%2F11rgx1f8sk!19sChIJm7ntcfL9DDkRKydRh3tV_Zg?authuser=0&hl=en&rclk=1,Manyavar
Jp5JfZjb9DDkR5rtQ3QkbvCY," N-2, Outer Circle, Janpath Rd, Connaught Place, New Delhi, Delhi 110001",Pharmacy, 011 4152 5304,28.6303842,77.2198258,https://www.google.com/maps/place/Lacoste/data=!4m7!3m6!1s0x390cfd36665f92a7:0x26bc1b09dd50bbe6!8m2!3d28.6303842!4d77.2198258!16s%2Fg%2F1vd748tn!19sChIJp5JfZjb9DDkR5rtQ3QkbvCY?authuser=0&hl=en&rclk=1,Lacoste
JcRt8HEj9DDkRokA0qtzw4Zs," Marina Arcade, G-8A, New Delhi, Delhi 110001",Musical instrument store, 011 2332 7685,28.6337659,77.2169274,https://www.google.com/maps/place/Rikhi+Ram+Musical+Instruments+Official+Store+-+since+1920/data=!4m7!3m6!1s0x390cfd481c7c1b71:0x9be1f0dcaa3440a2!8m2!3d28.6337659!4d77.2169274!16s%2Fg%2F1tt1fm02!19sChIJcRt8HEj9DDkRokA0qtzw4Zs?authuser=0&hl=en&rclk=1,Rikhi Ram Musical Instruments Official Store - since 1920
Jc_8NeQ79DDkRBEDEZ9edWRo," C-7, Ground Floor, Radial Road Number 4, Connaught Place, New Delhi, Delhi 110001 Located in: PVR Plaza-CP,Delhi",Pharmacy, 091369 02664,28.6344615,77.2199925,https://www.google.com/maps/place/Zodiac+Retail+Store/data=!4m7!3m6!1s0x390cfd0e790dff73:0x1a599dd767c44004!8m2!3d28.6344615!4d77.2199925!16s%2Fg%2F11h1l0slcr!19sChIJc_8NeQ79DDkRBEDEZ9edWRo?authuser=0&hl=en&rclk=1,Zodiac Retail Store
J41eKOIb9DDkRfhHXjSlftMs," Shop No A10, Rajiv Chowk, Block A, Connaught Place, New Delhi, Delhi 110001",Pharmacy, 082910 18431,28.6329615,77.2181108,https://www.google.com/maps/place/Blackberrys/data=!4m7!3m6!1s0x390cfd86388a57e3:0xcbb45f298dd7117e!8m2!3d28.6329615!4d77.2181108!16s%2Fg%2F11sgs71xc3!19sChIJ41eKOIb9DDkRfhHXjSlftMs?authuser=0&hl=en&rclk=1,Blackberrys
Jk7L44jf9DDkRM4TEOf1BWsw," B-13, Middle Cir, Block B, Connaught Place, New Delhi, Delhi 110001",Pharmacy, 011 2331 0979,28.6340348,77.2186473,https://www.google.com/maps/place/Blackberry+Retail+Brand+Store/data=!4m7!3m6!1s0x390cfd37e2f8b293:0xcc5a41fd39c48433!8m2!3d28.6340348!4d77.2186473!16s%2Fg%2F12hqv6hrq!19sChIJk7L44jf9DDkRM4TEOf1BWsw?authuser=0&hl=en&rclk=1,Blackberry Retail Brand Store
Jcw1TQrP9DDkRORE6alJahRM," Platform 3, METRO STATION GATE, D8/1, near RAJIV CHOWK, D Block, Connaught Place, New Delhi, Delhi 110001",Watch store, 098913 77000,28.6337823,77.2209715,https://www.google.com/maps/place/Watch+store+%7C+watch+Repair+%7C+Sikka+and+Sons+%7CTissot+%7CGc+%7CSeiko+%7CDW+%7CJust+Cavalli+%7CGuess+%7CFossil+%7C+Alba+%7CCasio+%7CTitan+%7CTimex%7C/data=!4m7!3m6!1s0x390cfdb342530d73:0x13855a526a3a1139!8m2!3d28.6337823!4d77.2209715!16s%2Fg%2F1tglxc33!19sChIJcw1TQrP9DDkRORE6alJahRM?authuser=0&hl=en&rclk=1,Watch store | watch Repair | Sikka and Sons |Tissot |Gc |Seiko |DW |Just Cavalli |Guess |Fossil | Alba |Casio |Titan |Timex|
JX8ehxTf9DDkRqn9PJTQfyGE," Shop No: A, 16 Near Road, Rajiv Chowk, Block A, Connaught Place, New Delhi, Delhi 110001",Bakery and Cake Shop, 011 2332 4373,28.6334122,77.2181287,https://www.google.com/maps/place/Wenger%27s/data=!4m7!3m6!1s0x390cfd37c5a1c75f:0x61c81f34254f7faa!8m2!3d28.6334122!4d77.2181287!16s%2Fg%2F11f4td_v8p!19sChIJX8ehxTf9DDkRqn9PJTQfyGE?authuser=0&hl=en&rclk=1,Wenger's
JXXDE3jb9DDkRCmEb2Tff2dE," Block L, Connaught Place, New Delhi, Delhi 110001",Ice Cream, 077380 91984,28.6344056,77.2220968,https://www.google.com/maps/place/Naturals+Ice+Cream/data=!4m7!3m6!1s0x390cfd36dec4705d:0xd1d9df37d91b610a!8m2!3d28.6344056!4d77.2220968!16s%2Fg%2F11b6lk7klj!19sChIJXXDE3jb9DDkRCmEb2Tff2dE?authuser=0&hl=en&rclk=1,Naturals Ice Cream
JH4e3Mk_9DDkREWt-H4EopBw," C Block, C42/2 1st Floor Dwarka Sadan, Middle Cir, Connaught Place, New Delhi, Delhi 110001",Drone shop, 095609 21619,28.6347864,77.2202582,https://www.google.com/maps/place/NV+Drone+Store/data=!4m7!3m6!1s0x390cfd4f32b7871f:0x1ca428811f7e6b11!8m2!3d28.6347864!4d77.2202582!16s%2Fg%2F11gd6788cm!19sChIJH4e3Mk_9DDkREWt-H4EopBw?authuser=0&hl=en&rclk=1,NV Drone Store
Jh091czf9DDkRuebu3nXWSyk," A-5, 1st Floor, Inner Circle, Radial Road 5, New Delhi, Delhi 110001",Shoe store, 011 4250 0164,28.6342118,77.2204632,https://www.google.com/maps/place/Vanson/data=!4m7!3m6!1s0x390cfd3773754f87:0x294bd675deeee6b9!8m2!3d28.6342118!4d77.2204632!16s%2Fg%2F12hr56p8j!19sChIJh091czf9DDkRuebu3nXWSyk?authuser=0&hl=en&rclk=1,Vanson
Jq6q6Rjf9DDkR-1HTW2DiIuY," No. 9/3, L Block, Mezzanine Floor, Connaught Cir, Connaught Place, New Delhi, Delhi 110001",Musical instrument store, 085276 75884,28.6344854,77.2220328,https://www.google.com/maps/place/Hare+Krishna+Musicals/data=!4m7!3m6!1s0x390cfd3746baaaab:0xe622e2605bd351fb!8m2!3d28.6344854!4d77.2220328!16s%2Fg%2F11pwvf3gd0!19sChIJq6q6Rjf9DDkR-1HTW2DiIuY?authuser=0&hl=en&rclk=1,Hare Krishna Musicals
JWYZYgjf9DDkRaxLkxal74_s," C 14, First Floor, C Block, opp. Oden Cinema, Block C, Connaught Place, New Delhi, Delhi 110001",Cafe, 1800 102 5093,28.6341728,77.2202765,https://www.google.com/maps/place/Cafe+Coffee+Day+-+The+Square/data=!4m7!3m6!1s0x390cfd3782588659:0xfbe37ba9c5e4126b!8m2!3d28.6341728!4d77.2202765!16s%2Fg%2F11dzstjs7_!19sChIJWYZYgjf9DDkRaxLkxal74_s?authuser=0&hl=en&rclk=1,Cafe Coffee Day - The Square
JO1Zdzkn9DDkRl0P4AKhKb98," CONNAUGHT PLACE, E-4, Rajiv Chowk, Block E, Connaught Place, Delhi, New Delhi, Delhi 110001",Jewelry store, 011 4358 8368,28.6332559,77.22139,https://www.google.com/maps/place/Tanishq+Jewellery+-+Delhi+-+Connaught+Place/data=!4m7!3m6!1s0x390cfd49ce5d563b:0xdf6f4aa800f84397!8m2!3d28.6332559!4d77.22139!16s%2Fg%2F1tfz8kr2!19sChIJO1Zdzkn9DDkRl0P4AKhKb98?authuser=0&hl=en&rclk=1,Tanishq Jewellery - Delhi - Connaught Place
JWcIuy9j9DDkRqo7vIWiD2Sk," Faiz Bazar, 3620/21, Netaji Subhash Marg, Kucha Alam, Estate, Daryaganj, New Delhi, Delhi, 110002",Electronics store, 099588 11064,28.6433779,77.2403567,https://www.google.com/maps/place/Croma+-+Daryaganj/data=!4m7!3m6!1s0x390cfdd8cb2ec259:0x29d9836821ef8eaa!8m2!3d28.6433779!4d77.2403567!16s%2Fg%2F11td205yxq!19sChIJWcIuy9j9DDkRqo7vIWiD2Sk?authuser=0&hl=en&rclk=1,Croma - Daryaganj
JJ4IB0eL9DDkRyrif-PU-gB4," 16B/4, Asaf Ali Rd, opposite LNJP Hospital, Chatta lal Miya, Chandni Mahal, Daryaganj, New Delhi, Delhi, 110002",Electronics store, 011 4226 2288,28.6410889,77.2379692,https://www.google.com/maps/place/VIJAY+SALES+-+DARYAGANJ/data=!4m7!3m6!1s0x390cfde2d1018227:0x1e803ef5f89fb8ca!8m2!3d28.6410889!4d77.2379692!16s%2Fg%2F11r97k9dbg!19sChIJJ4IB0eL9DDkRyrif-PU-gB4?authuser=0&hl=en&rclk=1,VIJAY SALES - DARYAGANJ
JMUPZ-ir9DDkRTwl8BZEpzs0," Shop No-3720, Faiz Bazar Netaji Subhash Marg, Central, Lal Qila, Daryaganj, Delhi, 110002",Shoe store, 092891 48558,28.6469261,77.2401024,https://www.google.com/maps/place/Campus+Exclusive+Store/data=!4m7!3m6!1s0x390cfd2afad94331:0xcdce2991057c094f!8m2!3d28.6469261!4d77.2401024!16s%2Fg%2F11pz6xg8pb!19sChIJMUPZ-ir9DDkRTwl8BZEpzs0?authuser=0&hl=en&rclk=1,Campus Exclusive Store
JtaRgaITjDDkRu2PPSlBxaGs," Shop No, 19, Netaji Subhash Marg, near Kotak Bank, Daryaganj, New Delhi, Delhi, 110002",Cell phone store, 097177 94269,28.6442394,77.2404784,https://www.google.com/maps/place/Hotspot+Mobile+Store/data=!4m7!3m6!1s0x390ce3846860a4b5:0x6b6871504acf63bb!8m2!3d28.6442394!4d77.2404784!16s%2Fg%2F11q1jfvrm2!19sChIJtaRgaITjDDkRu2PPSlBxaGs?authuser=0&hl=en&rclk=1,Hotspot Mobile Store
JEbqonyD9DDkRVD7Qmd-ox94," 3575/76, Netaji Subhash Marg, Kucha Alam, Khabas Pura, Daryaganj, Delhi, 110002",Electronics store, 087005 89731,28.6428381,77.2403748,https://www.google.com/maps/place/LG+Best+Shop+%28Shri+Shyamji+Enterprises%29/data=!4m7!3m6!1s0x390cfd209fa8ba11:0xdec7a8df99d03e54!8m2!3d28.6428381!4d77.2403748!16s%2Fg%2F1jkxybj_1!19sChIJEbqonyD9DDkRVD7Qmd-ox94?authuser=0&hl=en&rclk=1,LG Best Shop (Shri Shyamji Enterprises)
JkZbQI9X8DDkRPYGU7mZlMlU," Central Revenue Building, Indraprashta Marg, IP Estate, Delhi, 110002",Grocery store, 011 2905 1908,28.6270212,77.2430009,https://www.google.com/maps/place/Kendriya+Bhandaar/data=!4m7!3m6!1s0x390cfcd523d09691:0x55326566ee94813d!8m2!3d28.6270212!4d77.2430009!16s%2Fg%2F1hhw2sw0r!19sChIJkZbQI9X8DDkRPYGU7mZlMlU?authuser=0&hl=en&rclk=1,Kendriya Bhandaar
JbeOj5_r9DDkR4ILSpipXPn4," 3531, Netaji Subhash Marg, Kucha Lal Man, Daryaganj, New Delhi, Delhi, 110002",Book store, 098913 48049,28.6421758,77.2403808,https://www.google.com/maps/place/Book+Affair/data=!4m7!3m6!1s0x390cfdfae7a3e36d:0x7e3e572aa6d282e0!8m2!3d28.6421758!4d77.2403808!16s%2Fg%2F11f60fyxk4!19sChIJbeOj5_r9DDkR4ILSpipXPn4?authuser=0&hl=en&rclk=1,Book Affair
J022CNN_8DDkRnD-2ScQpMWs," 91-B, Shyam Lal Rd, opposite Hindi Park, Daryaganj, New Delhi, Delhi, 110002",Sporting goods store, 011 2324 1772,28.6432818,77.2424512,https://www.google.com/maps/place/Baba+Sports/data=!4m7!3m6!1s0x390cfcdf34826dd3:0x6b3129c449b63f9c!8m2!3d28.6432818!4d77.2424512!16s%2Fg%2F1tq6bwr0!19sChIJ022CNN_8DDkRnD-2ScQpMWs?authuser=0&hl=en&rclk=1,Baba Sports
JN2lUZyf9DDkReroLrSw-zP8," Shop No. 3449, Delhi Chamber Building, Delhi Gate, Old Delhi, New Delhi, Delhi, 110002",Medical supply store, 011 4352 6843,28.6411903,77.2405826,"https://www.google.com/maps/place/Super+Medicare+%7C+Cpap,+Bipap,+Oxygen+Concentrator+and+Cylinder+for+Sale,+Rent+in+Delhi,+Noida,+Gurgaon,+Faridabad,+Ghaziabad/data=!4m7!3m6!1s0x390cfd2767546937:0xffcc3e2cad0bba7a!8m2!3d28.6411903!4d77.2405826!16s%2Fg%2F1tdxz8lh!19sChIJN2lUZyf9DDkReroLrSw-zP8?authuser=0&hl=en&rclk=1","Super Medicare | Cpap, Bipap, Oxygen Concentrator and Cylinder for Sale, Rent in Delhi, Noida, Gurgaon, Faridabad, Ghaziabad"
Jve1fPvn9DDkRfp9aGBx9Qqg," Ground Floor, 4873/1B, 24, Ansari Road, 110002, Daryaganj, New Delhi, Delhi, 110002",Wallpaper store, 096505 91234,28.6411539,77.2432721,https://www.google.com/maps/place/DELHI+WALL+MALL/data=!4m7!3m6!1s0x390cfdf93e5fedbd:0xa8427d1c185a9f7e!8m2!3d28.6411539!4d77.2432721!16s%2Fg%2F11fmvbfg5l!19sChIJve1fPvn9DDkRfp9aGBx9Qqg?authuser=0&hl=en&rclk=1,DELHI WALL MALL
JDxj4vh_9DDkRTTGa5ft0xIw," 11-B, Netaji Subhash Marg, Daryaganj, New Delhi, Delhi, 110002",Electronics store, 011 2327 2243,28.6454115,77.2405714,https://www.google.com/maps/place/Aggrellios+%26+Company/data=!4m7!3m6!1s0x390cfd1fbef8180f:0x8cc474fbe59a314d!8m2!3d28.6454115!4d77.2405714!16s%2Fg%2F1tfjjht2!19sChIJDxj4vh_9DDkRTTGa5ft0xIw?authuser=0&hl=en&rclk=1,Aggrellios & Company
J2cY_YSf9DDkRxu-y6Ov8Wy4," 3466, Netaji Subhash Marg, Kucha Lal Man, Daryaganj, New Delhi, Delhi, 110002",Dairy store, 1800 180 1018,28.641432,77.240291,https://www.google.com/maps/place/Mother+Dairy/data=!4m7!3m6!1s0x390cfd27613fc6d9:0x2e5bfcebe8b2efc6!8m2!3d28.641432!4d77.240291!16s%2Fg%2F11cn9ds6vs!19sChIJ2cY_YSf9DDkRxu-y6Ov8Wy4?authuser=0&hl=en&rclk=1,Mother Dairy
J-6B2OSj9DDkRSuShY_nmlOQ," MAMC, Near Departmental canteen, Delhi 110002 Located in: Maulana Azad Medical College (MAMC)",Medical Book Store, 098680 54058,28.6350273,77.2394833,https://www.google.com/maps/place/Avni+Book+Store/data=!4m7!3m6!1s0x390cfd283976a0fb:0xe494e6f963a1e44a!8m2!3d28.6350273!4d77.2394833!16s%2Fg%2F11f2wlm7p0!19sChIJ-6B2OSj9DDkRSuShY_nmlOQ?authuser=0&hl=en&rclk=1,Avni Book Store
JVx1FELT9DDkR1WXZsoofCWA," Partap Gali, Kucha Alam, Khabas Pura, Old Delhi, New Delhi, Delhi, 110002",Pet supply store, 093118 49027,28.6436635,77.2399596,https://www.google.com/maps/place/Persian+Cat+Gallery+Delhi+NCR+Kitten+House+Daryaganj+Pet+Shop+Jama+Masjid/data=!4m7!3m6!1s0x390cfdb410451d57:0x60091f8ab2d965d5!8m2!3d28.6436635!4d77.2399596!16s%2Fg%2F11w2b5vy40!19sChIJVx1FELT9DDkR1WXZsoofCWA?authuser=0&hl=en&rclk=1,Persian Cat Gallery Delhi NCR Kitten House Daryaganj Pet Shop Jama Masjid
JhekBZgD9DDkRixSDAD5F32A," 3483, Netaji Subhash Marg, Kucha Lal Man, Daryaganj, New Delhi, Delhi, 110002",Book store, 079821 85407,28.642003,77.240362,https://www.google.com/maps/place/Mukta+Book+Agency/data=!4m7!3m6!1s0x390cfd006601e985:0x60df453e0083148b!8m2!3d28.642003!4d77.240362!16s%2Fg%2F11fj0hy7sf!19sChIJhekBZgD9DDkRixSDAD5F32A?authuser=0&hl=en&rclk=1,Mukta Book Agency
JIThV7bz9DDkRmRjer6CtnBU," 4223, Allahabad Bank, 1, Ansari Rd, beside Indian, Daryaganj, New Delhi, Delhi, 110002",Book store, 070045 52134,28.6411245,77.2444994,https://www.google.com/maps/place/Bokaro+Students+Friend+Pvt.+Ltd.-+Daryaganj/data=!4m7!3m6!1s0x390cfdbced553821:0x159cada0afde1899!8m2!3d28.6411245!4d77.2444994!16s%2Fg%2F11gxmdnd8j!19sChIJIThV7bz9DDkRmRjer6CtnBU?authuser=0&hl=en&rclk=1,Bokaro Students Friend Pvt. Ltd.- Daryaganj
JD1wkeiD9DDkRAL2EDnUBXAU," 3695, 1, Netaji Subhash Marg, Kucha Chalan, Khabas Pura, Daryaganj, New Delhi, Delhi, 110002",Musical instrument store, 081787 44850,28.6462311,77.2404697,https://www.google.com/maps/place/Avtar+Musical/data=!4m7!3m6!1s0x390cfd207a245c0f:0x55c01750e84bd00!8m2!3d28.6462311!4d77.2404697!16s%2Fg%2F12ml2vpsf!19sChIJD1wkeiD9DDkRAL2EDnUBXAU?authuser=0&hl=en&rclk=1,Avtar Musical
JOfKJZ-z9DDkR65v58ZdCu8s," 3636, Netaji Subhash Marg, near Golcha Cinema, Kucha Chalan, Khabas Pura, Daryaganj, New Delhi, Delhi, 110002",Pharmacy, 098739 04905,28.6452316,77.2402143,https://www.google.com/maps/place/Paradise+Cotton+-+original+Pakistani+suits+wholesale/data=!4m7!3m6!1s0x390cfdec6789f239:0xcbbb4297f1f99beb!8m2!3d28.6452316!4d77.2402143!16s%2Fg%2F11t29fmjwf!19sChIJOfKJZ-z9DDkR65v58ZdCu8s?authuser=0&hl=en&rclk=1,Paradise Cotton - original Pakistani suits wholesale
JQ7MVBvpkz6kRigczS0qBPNU," Varun House, 4819/24, Ansari Rd, Daryaganj, New Delhi, Delhi, 110002",Book store, 089499 02594,28.6426232,77.244668,https://www.google.com/maps/place/BookBuzzz+-+Online+Book+Store/data=!4m7!3m6!1s0xa9cf64fa0615b343:0xd53c814a4b33078a!8m2!3d28.6426232!4d77.244668!16s%2Fg%2F11w8qb_8t6!19sChIJQ7MVBvpkz6kRigczS0qBPNU?authuser=0&hl=en&rclk=1,BookBuzzz - Online Book Store
JEdVekCD9DDkRE2RjGznMGck," 3109, Sir Syed Ahmed Rd, Kucha Alam, Khabas Pura, Daryaganj, New Delhi, Delhi, 110002",Bakery and Cake Shop, 098995 60012,28.644155,77.239105,https://www.google.com/maps/place/Blue+Ribbon+Bakers+and+Confectioners/data=!4m7!3m6!1s0x390cfd20905ed511:0xc919cc391b636413!8m2!3d28.644155!4d77.239105!16s%2Fg%2F12m944jcr!19sChIJEdVekCD9DDkRE2RjGznMGck?authuser=0&hl=en&rclk=1,Blue Ribbon Bakers and Confectioners
JqRRxGsj9DDkR_9cmeTAwJXo," 19, Ansari Rd, Daryaganj, New Delhi, Delhi, 110002",Book store, 080 4604 8954,28.6462449,77.2433955,https://www.google.com/maps/place/DELHI+BOOK+STORE/data=!4m7!3m6!1s0x390cfdc81a7114a9:0x7a2530307926d7ff!8m2!3d28.6462449!4d77.2433955!16s%2Fg%2F11jsj7slj2!19sChIJqRRxGsj9DDkR_9cmeTAwJXo?authuser=0&hl=en&rclk=1,DELHI BOOK STORE
JwXlKI9X8DDkRj_Ey-_QarpA," Shop No. LGF1, Hans Bhavan, Behind C A Institute, ITO, New Delhi, Delhi 110002",Law Book Store, 093500 42870,28.6270568,77.2426777,https://www.google.com/maps/place/Pooja+Law+House/data=!4m7!3m6!1s0x390cfcd5234a79c1:0x90ae1af4fb32f18f!8m2!3d28.6270568!4d77.2426777!16s%2Fg%2F1wrtb78l!19sChIJwXlKI9X8DDkRj_Ey-_QarpA?authuser=0&hl=en&rclk=1,Pooja Law House
JVVWJbdn8DDkR_Fc9hIQrgjg," Street No. 1, Ansari Rd, near MCD Dispensary, opposite Ambedkar Stadium, Delhi Gate, Old Delhi, New Delhi, Delhi, 110002",Kitchen supply store, 093544 89199,28.6409744,77.2452707,https://www.google.com/maps/place/Modern+Kitchen+Equipment/data=!4m7!3m6!1s0x390cfcd96d895555:0x38822b84843d57fc!8m2!3d28.6409744!4d77.2452707!16s%2Fg%2F11tjc4pkd5!19sChIJVVWJbdn8DDkR_Fc9hIQrgjg?authuser=0&hl=en&rclk=1,Modern Kitchen Equipment
Jn4AeEwr9DDkRUUpiqDGeLkA," Milk Shop 42401 Shop No 5 Vikram Nagar Kotla Firoz Shah, Delhi, 110002",Dairy store, 099998 44557,28.63455,77.24285,https://www.google.com/maps/place/Mother+Dairy+Milk+Shop+42401/data=!4m7!3m6!1s0x390cfd0a131e809f:0x402e9e31a8624a51!8m2!3d28.63455!4d77.24285!16s%2Fg%2F11s4rxz6zt!19sChIJn4AeEwr9DDkRUUpiqDGeLkA?authuser=0&hl=en&rclk=1,Mother Dairy Milk Shop 42401
J4Xi1bgP9DDkRDRYHEahArrM," Shop No.15, 16, Netaji Subhash Marg, Daryaganj, New Delhi, Delhi, 110002",Gents Tailor, 011 2326 8198,28.644935,77.2407209,https://www.google.com/maps/place/M+Usman+Drapers+%26+Tailors/data=!4m7!3m6!1s0x390cfd036eb578e1:0xb3ae40a81107160d!8m2!3d28.644935!4d77.2407209!16s%2Fg%2F1td9z1jc!19sChIJ4Xi1bgP9DDkRDRYHEahArrM?authuser=0&hl=en&rclk=1,M Usman Drapers & Tailors
JPRUrqpL9DDkRAlr1trZDSA0," 1636, Delhi 110002",Watch store, 098739 22732,28.6352202,77.2468858,https://www.google.com/maps/place/Vintage+Plus+Watches/data=!4m7!3m6!1s0x390cfd92aa2b153d:0xd4843b6b6f55a02!8m2!3d28.6352202!4d77.2468858!16s%2Fg%2F11fqcbgyfm!19sChIJPRUrqpL9DDkRAlr1trZDSA0?authuser=0&hl=en&rclk=1,Vintage Plus Watches
Jn46Loij9DDkRvOF2sIs-YKs," J6PP+CC9, Mirdard Marg, Maulana Azad Medical College Campus, Mandi House, New Delhi, Delhi, 110002 Located in: Maulana Azad Medical College (MAMC)",Indian grocery store, 099680 59279,28.636037,77.2361109,https://www.google.com/maps/place/Kendriya+Bhandar/data=!4m7!3m6!1s0x390cfd28a28b8e9f:0xab603e8bb076e1bc!8m2!3d28.636037!4d77.2361109!16s%2Fg%2F11cn2lz11c!19sChIJn46Loij9DDkRvOF2sIs-YKs?authuser=0&hl=en&rclk=1,Kendriya Bhandar
JyZzfYt_8DDkRJh4LDIVy1MU," 15, Netaji Subhash Marg, opposite Golcha Cinema, Diagonally, Daryaganj, New Delhi, Delhi, 110002",Tea store, 011 2326 0373,28.644865,77.240602,"https://www.google.com/maps/place/Aap+Ki+Pasand+Tea+Gallery+%28India%27s+Oldest+Gourmet+Tea+Store%29,+Sancha+Tea/data=!4m7!3m6!1s0x390cfcdf62df9cc9:0xc5d472850c0b1e26!8m2!3d28.644865!4d77.240602!16s%2Fg%2F1tdwngmt!19sChIJyZzfYt_8DDkRJh4LDIVy1MU?authuser=0&hl=en&rclk=1","Aap Ki Pasand Tea Gallery (India's Oldest Gourmet Tea Store), Sancha Tea"
JjZlp-DH9DDkRQpTFPgziLgA," Shop number 13 Streat, 4855/24, Ansari Rd, Daryaganj, Delhi, 110002",Wallpaper store, 085955 61386,28.6415431,77.243124,https://www.google.com/maps/place/Brothers+Wall+Coverings/data=!4m7!3m6!1s0x390cfd31f869998d:0x2ee20c3ec59442!8m2!3d28.6415431!4d77.243124!16s%2Fg%2F11q4g7678w!19sChIJjZlp-DH9DDkRQpTFPgziLgA?authuser=0&hl=en&rclk=1,Brothers Wall Coverings
Jn8uKCCD9DDkRc9y-DcGQDtg," 3638, 3640, Netaji Subhash Marg, Kucha Alam, Khabas Pura, Daryaganj, New Delhi, Delhi, 110002",Music store, 099900 28080,28.6452416,77.240209,https://www.google.com/maps/place/Goonj+Musical+Gallery/data=!4m7!3m6!1s0x390cfd20088acb9f:0xd80e90c10dbedc73!8m2!3d28.6452416!4d77.240209!16s%2Fg%2F11b86ddxry!19sChIJn8uKCCD9DDkRc9y-DcGQDtg?authuser=0&hl=en&rclk=1,Goonj Musical Gallery
Ji8r_hlP9DDkR0Qf2Gibs2vg," 4853-54, 24, Ansari Rd, Daryaganj, New Delhi, Delhi 110002",Wallpaper store, 098101 16544,28.6414328,77.2432043,https://www.google.com/maps/place/Home+Fashion/data=!4m7!3m6!1s0x390cfd5386ffca8b:0xf8daec261af607d1!8m2!3d28.6414328!4d77.2432043!16s%2Fg%2F11wbj4hhf3!19sChIJi8r_hlP9DDkR0Qf2Gibs2vg?authuser=0&hl=en&rclk=1,Home Fashion
JPZFv8KT9DDkROuigYVRjclU," PARK, 3632/2, Netaji Subhash Marg, near GOLCHA CINEMA DELHI MANSION, New Friends Colony, Kucha Alam, Khabas Pura, Daryaganj, New Delhi, Delhi, 110002",Motorcycle shop, 099993 88189,28.6447116,77.2401324,https://www.google.com/maps/place/TVS+-+YM+TVS+%28TVS+SHOWROOM+DELHI%29/data=!4m7!3m6!1s0x390cfda4f06f913d:0x5572635461a0e83a!8m2!3d28.6447116!4d77.2401324!16s%2Fg%2F11m_j3wk43!19sChIJPZFv8KT9DDkROuigYVRjclU?authuser=0&hl=en&rclk=1,TVS - YM TVS (TVS SHOWROOM DELHI)
JR4z1W9H9DDkRKepOmHEfn8E," No 3632/11, In, Park Mansion, Netaji Subhash Marg, near Golcha Cinema, Daryaganj, New Delhi, Delhi, 110002",Two Wheeler Dealer, 063664 48948,28.6465517,77.2405674,https://www.google.com/maps/place/TVS+-+My+Enterprises/data=!4m7!3m6!1s0x390cfdd15bf58c47:0xc19f1f71984eea29!8m2!3d28.6465517!4d77.2405674!16s%2Fg%2F11hzh5lxxh!19sChIJR4z1W9H9DDkRKepOmHEfn8E?authuser=0&hl=en&rclk=1,TVS - My Enterprises
JxeOFkDj9DDkRefIZ-R20mC8," Shop No-5, Mirdard Marg, Maulana Azad Medical College Campus, LNJP Colony, New Delhi, Delhi, 110002",Bakery and Cake Shop, 097163 14934,28.6362303,77.2364131,https://www.google.com/maps/place/A+Cake+%27O%27+Clock/data=!4m7!3m6!1s0x390cfd389085e3c5:0x2f98b41df919f279!8m2!3d28.6362303!4d77.2364131!16s%2Fg%2F11fmc9cp82!19sChIJxeOFkDj9DDkRefIZ-R20mC8?authuser=0&hl=en&rclk=1,A Cake 'O' Clock
Jv60cj-D8DDkRGYQR6C3gofY," Viraj Tower, 2 4259/3, Ansari Rd, Daryaganj, New Delhi, Delhi 110002",Book store, 011 4535 5555,28.6428869,77.2446238,https://www.google.com/maps/place/Buy+Books+India/data=!4m7!3m6!1s0x390cfce08f1cadbf:0xf6a1e02de8118419!8m2!3d28.6428869!4d77.2446238!16s%2Fg%2F11b6lm4nq7!19sChIJv60cj-D8DDkRGYQR6C3gofY?authuser=0&hl=en&rclk=1,Buy Books India
J30G5zt78DDkRHMOguidfSqE," 4306, 3, Ansari Rd, near Bank of India, Daryaganj, New Delhi, Delhi, 110002",Dairy Products Supplier, 093112 28221,28.6437114,77.2443894,https://www.google.com/maps/place/Juneja+Dairy/data=!4m7!3m6!1s0x390cfcdeceb941df:0xa14a5f27baa0c31c!8m2!3d28.6437114!4d77.2443894!16s%2Fg%2F1ptxf0y31!19sChIJ30G5zt78DDkRHMOguidfSqE?authuser=0&hl=en&rclk=1,Juneja Dairy
J0WwVeiD9DDkR7Ym9fOwqfjQ," 2-B, Netaji Subhash Marg, Main, Road, opposite subzi mandi, Daryaganj, New Delhi, Delhi 110002",Musical instrument store, 011 4351 3848,28.646163,77.2404628,https://www.google.com/maps/place/R+N+Bhargava+and+Company/data=!4m7!3m6!1s0x390cfd207a156cd1:0x347e2aec7cbd89ed!8m2!3d28.646163!4d77.2404628!16s%2Fg%2F1tflktnr!19sChIJ0WwVeiD9DDkR7Ym9fOwqfjQ?authuser=0&hl=en&rclk=1,R N Bhargava and Company
J15aTx978DDkR2O8zGpsnNN8," Harbans Singh Street, 4858A, 24, Ansari Rd, near Sanjeevan Hospital, Daryaganj, Delhi, 110002",Wallpaper store, 099115 69804,28.6412267,77.2433853,https://www.google.com/maps/place/Wall+Fashion/data=!4m7!3m6!1s0x390cfcdec79396d7:0xdf34279b1a33efd8!8m2!3d28.6412267!4d77.2433853!16s%2Fg%2F11b7k3fzgq!19sChIJ15aTx978DDkR2O8zGpsnNN8?authuser=0&hl=en&rclk=1,Wall Fashion
JGYvutRb9DDkRnUonwJu4NrM," Shop No 10, Delhi Gate, Ambedkar Football Stadium, Feroze Shah Kotla, Vikram Nagar, Delhi, 110002",Carpet wholesaler, 098109 66392,28.6395917,77.2423263,https://www.google.com/maps/place/Rajmahal+Carpets/data=!4m7!3m6!1s0x390cfd16b5ee8b19:0xb336b89bc0274a9d!8m2!3d28.6395917!4d77.2423263!16s%2Fg%2F11fmd8yv11!19sChIJGYvutRb9DDkRnUonwJu4NrM?authuser=0&hl=en&rclk=1,Rajmahal Carpets
J7-9NItn8DDkR33F7U0tr1Pw," 4819/24, Ansari Rd, Daryaganj, New Delhi, Delhi, 110002",Wallpaper store, 098997 49731,28.6417943,77.2439841,https://www.google.com/maps/place/Vrinda+Wallpaper+Store/data=!4m7!3m6!1s0x390cfcd9224defef:0xfcd46b4b537b71df!8m2!3d28.6417943!4d77.2439841!16s%2Fg%2F11hczk2y2p!19sChIJ7-9NItn8DDkR33F7U0tr1Pw?authuser=0&hl=en&rclk=1,Vrinda Wallpaper Store
JLfiYDCT9DDkRwQxbpLXG1-0," 4/5B, Asaf Ali Rd, near Delite Cinema, next to Kotak Mahindra ATM, Chatta lal Miya, Chandni Mahal, Chandni Chowk, New Delhi, Delhi, 110002",Book store, 011 2327 3335,28.641074,77.237079,https://www.google.com/maps/place/Hindi+Book+Centre/data=!4m7!3m6!1s0x390cfd240c98f82d:0xedd7c6b5a45b0cc1!8m2!3d28.641074!4d77.237079!16s%2Fg%2F1tf6vr5h!19sChIJLfiYDCT9DDkRwQxbpLXG1-0?authuser=0&hl=en&rclk=1,Hindi Book Centre
JHb2TbpD9DDkR281GeCylry4," 4360/4, Ansari Rd, Daryaganj, New Delhi, Delhi, 110002",Book store, 011 4153 0902,28.6438748,77.2444032,https://www.google.com/maps/place/Chaukhamba+Sanskrit+Pratishthan/data=!4m7!3m6!1s0x390cfd906e93bd1d:0x2eafa52c7846cddb!8m2!3d28.6438748!4d77.2444032!16s%2Fg%2F1tgqgt9p!19sChIJHb2TbpD9DDkR281GeCylry4?authuser=0&hl=en&rclk=1,Chaukhamba Sanskrit Pratishthan
JBeh9Q9_8DDkRhSazKz6FHFM," 13, Ansari Market, Kedarnath Ln, Daryaganj, New Delhi, Delhi 110002",Copy shop, 011 2326 7032,28.6441491,77.2414408,https://www.google.com/maps/place/Delhi+Copier/data=!4m7!3m6!1s0x390cfcdf437de805:0x531c853e2bb32685!8m2!3d28.6441491!4d77.2414408!16s%2Fg%2F1pp2tksd6!19sChIJBeh9Q9_8DDkRhSazKz6FHFM?authuser=0&hl=en&rclk=1,Delhi Copier
JmXU70tD8DDkR8BQvWu5phhE," C 59/49, Mata Sundri Road, Near By ITO, New Delhi, Delhi 110002",Office furniture store, 099589 44209,28.635349,77.246566,https://www.google.com/maps/place/Irshad+Wooden+Scrap/data=!4m7!3m6!1s0x390cfcd0d23b7599:0x118669ee5a2f14f0!8m2!3d28.635349!4d77.246566!16s%2Fg%2F11g6rx85_t!19sChIJmXU70tD8DDkR8BQvWu5phhE?authuser=0&hl=en&rclk=1,Irshad Wooden Scrap
JAQAAQN_8DDkRoXov7n0JdwA," 24, 4800, Bharat Ram Rd, near Choudhury Eye Center, Daryaganj, New Delhi, Delhi, 110002",Office equipment supplier, 080 4604 0056,28.642111,77.243599,https://www.google.com/maps/place/G.+B.+Tech%28India%29/data=!4m7!3m6!1s0x390cfcdf40000001:0x77097dee2f7aa1!8m2!3d28.642111!4d77.243599!16s%2Fg%2F1tf2_s9c!19sChIJAQAAQN_8DDkRoXov7n0JdwA?authuser=0&hl=en&rclk=1,G. B. Tech(India)
JcQftO9n8DDkR5NRJOO0FPRU," LG-2, Ansari Rd, Daryaganj, New Delhi, Delhi 110002",Law Book Store, 098996 33000,28.642122,77.244388,https://www.google.com/maps/place/Commercial+House/data=!4m7!3m6!1s0x390cfcd93bed0771:0x153d05ed3849d4e4!8m2!3d28.642122!4d77.244388!16s%2Fg%2F1jkyxhwrs!19sChIJcQftO9n8DDkR5NRJOO0FPRU?authuser=0&hl=en&rclk=1,Commercial House
JAQAAQN_8DDkRCwEIpUjIymU," 5051/16, Netaji Subash Marg Opp. Moti Mahal Restaurant, Daryaganj, New Delhi, Delhi 110002",Aquarium shop, 081307 33630,28.6448307,77.2402265,https://www.google.com/maps/place/Sea+Fish+Aquarium/data=!4m7!3m6!1s0x390cfcdf40000001:0x65cac848a508010b!8m2!3d28.6448307!4d77.2402265!16s%2Fg%2F1tjyr_9c!19sChIJAQAAQN_8DDkRCwEIpUjIymU?authuser=0&hl=en&rclk=1,Sea Fish Aquarium
J06IhGif9DDkRFp5Cev2Os90," Service Lane, 166,Ground Floor, Chatta Lal Mian, Asaf Ali Rd, New Delhi, Delhi 110002",Pharmacy, 098113 79205,28.6413876,77.2371716,https://www.google.com/maps/place/Saeed+Collections+-+Designer+Suits+Wholesalers+in+Delhi+India/data=!4m7!3m6!1s0x390cfd271a21a2d3:0xddb38efd7a429e16!8m2!3d28.6413876!4d77.2371716!16s%2Fg%2F11fxymx_81!19sChIJ06IhGif9DDkRFp5Cev2Os90?authuser=0&hl=en&rclk=1,Saeed Collections - Designer Suits Wholesalers in Delhi India
JQ3ODsUn9DDkRM_AlVnfgM9c," A-3/4, State Emporia Building, Baba Kharak Singh Rd, New Delhi, Delhi 110001",Craft store, 011 2334 0343,28.631332,77.215414,https://www.google.com/maps/place/Delhi+Emporium/data=!4m7!3m6!1s0x390cfd49b1837343:0xd733e0775625f033!8m2!3d28.631332!4d77.215414!16s%2Fg%2F11cmmkl2h2!19sChIJQ3ODsUn9DDkRM_AlVnfgM9c?authuser=0&hl=en&rclk=1,Delhi Emporium
JQxrmkbXkDDkRKX2kqJle1FM," G-1, Atlantic plaza, I P Extension Delhi, opposite Ajanta Apartments, New Delhi, Delhi 110092",General store, 088008 16131,28.6282995,77.3078674,https://www.google.com/maps/place/Healthways+Departmental+Store/data=!4m7!3m6!1s0x390ce4b591e61a43:0x53d45e99a8a47d29!8m2!3d28.6282995!4d77.3078674!16s%2Fg%2F124t2cm64!19sChIJQxrmkbXkDDkRKX2kqJle1FM?authuser=0&hl=en&rclk=1,Healthways Departmental Store
JF3eO4Nj8DDkRcfs7WQhSvdU," The WallKing, 109, Ansari Rd, Daryaganj, New Delhi, Delhi, 110002",Wallpaper store, 098870 51527,28.6413554,77.2432959,https://www.google.com/maps/place/Customize+Wallpaper/data=!4m7!3m6!1s0x390cfcd8e08e7717:0xd5bd5208593bfb71!8m2!3d28.6413554!4d77.2432959!16s%2Fg%2F11fzf3tb0h!19sChIJF3eO4Nj8DDkRcfs7WQhSvdU?authuser=0&hl=en&rclk=1,Customize Wallpaper
JHSAxl978DDkRbXQtCDlg7UM," 2/25, 1st Floor, arun house, Ansari Rd, Daryaganj, New Delhi, Delhi 110002",Medical Book Store, 078359 70970,28.6427738,77.2452039,https://www.google.com/maps/place/Atithi+Medical+Books+Pvt+Ltd/data=!4m7!3m6!1s0x390cfcde9731201d:0x43ed6039082d746d!8m2!3d28.6427738!4d77.2452039!16s%2Fg%2F11c1nwtl3l!19sChIJHSAxl978DDkRbXQtCDlg7UM?authuser=0&hl=en&rclk=1,Atithi Medical Books Pvt Ltd
Jv6g8w978DDkROmxkGe0rQMo," 2/14, Ground Floor, Gali No. 2, Ansari Road, Daryaganj, Delhi, 110002",Book store, 011 4152 1153,28.6424791,77.244873,https://www.google.com/maps/place/BooksWagon+:+India%27s+Largest+Online+Bookstore/data=!4m7!3m6!1s0x390cfcdec33ca8bf:0xca402bed19646c3a!8m2!3d28.6424791!4d77.244873!16s%2Fg%2F1q69wzrxv!19sChIJv6g8w978DDkROmxkGe0rQMo?authuser=0&hl=en&rclk=1,BooksWagon : India's Largest Online Bookstore
JAVY9Vif9DDkRx0fFmhCxXSo," No 3535, Netaji Subhash Marg, Kalan Mahal, Daryaganj, New Delhi, Delhi, 110002",Car dealer, 070451 34955,28.6425839,77.2402133,"https://www.google.com/maps/place/Tata+Motors+Cars+Showroom+-+Arya+Motors,+Dariya+Ganj/data=!4m7!3m6!1s0x390cfd27563d5601:0x2a5db1109ac547c7!8m2!3d28.6425839!4d77.2402133!16s%2Fg%2F11hyn8fytd!19sChIJAVY9Vif9DDkRx0fFmhCxXSo?authuser=0&hl=en&rclk=1","Tata Motors Cars Showroom - Arya Motors, Dariya Ganj"
J9_u55yv9DDkRxTYhGliReBk," FF, Delhi Chamber Building, 108-108A, Delhi Gate, New Delhi, Delhi, 110002",Medical equipment supplier, 098100 61827,28.6397177,77.240055,https://www.google.com/maps/place/Oxygen+Concentrator+on+rent/data=!4m7!3m6!1s0x390cfd2be7b9fbf7:0x197891581a2136c5!8m2!3d28.6397177!4d77.240055!16s%2Fg%2F11rc48y1kg!19sChIJ9_u55yv9DDkRxTYhGliReBk?authuser=0&hl=en&rclk=1,Oxygen Concentrator on rent
Jpc8pWCf9DDkRQoASP_ZJE7Y," shop no 3487, Darya Ganj Ln, Kucha Lal Man, Old Delhi, New Delhi, Delhi, 110002",Watch store, 098116 86844,28.6421017,77.2404053,https://www.google.com/maps/place/relex+watch+company/data=!4m7!3m6!1s0x390cfd275829cfa5:0xb61349f63f128042!8m2!3d28.6421017!4d77.2404053!16s%2Fg%2F1thxtlmv!19sChIJpc8pWCf9DDkRQoASP_ZJE7Y?authuser=0&hl=en&rclk=1,relex watch company
JixzqCSf-DDkRG9fpJNGkQvU," Shop No 4864, Gali No 24 Jain Bhavan, near Sanjeevan Hospital, Daryaganj, New Delhi, Delhi 110002",Wallpaper store, 093503 82030,28.64164,77.2432156,https://www.google.com/maps/place/Sonu+Art+And+Ultra+Walls/data=!4m7!3m6!1s0x390cfe2709ea1c8b:0xf542a4d124e9d71b!8m2!3d28.64164!4d77.2432156!16s%2Fg%2F1thxtlq4!19sChIJixzqCSf-DDkRG9fpJNGkQvU?authuser=0&hl=en&rclk=1,Sonu Art And Ultra Walls
JoQVmAnH2ZxQR-GvRIH_w9c0," Bharat Scouts Building, 113A, Ansari Rd, Daryaganj, New Delhi, Delhi, 110002",Book store, 011 2324 3051,28.6434234,77.2431578,https://www.google.com/maps/place/Prakash+Books+India+Private+Limited/data=!4m7!3m6!1s0x1467f671026605a1:0xcdf5f07f20d16bf8!8m2!3d28.6434234!4d77.2431578!16s%2Fg%2F1tgcwfny!19sChIJoQVmAnH2ZxQR-GvRIH_w9c0?authuser=0&hl=en&rclk=1,Prakash Books India Private Limited
JOZYk2SD9DDkRuq42YR4YdlQ," Gate No. 3, Metro Station, 1057, Tiraha Behram Khan Rd, near Delhi Gate, Bazar Chitli Qabar, Rakab Ganj, Chandni Mahal, Daryaganj, New Delhi, Delhi, 110002",Calligraphy lesson, 099100 20093,28.6436562,77.2377166,https://www.google.com/maps/place/Tattoo+Guru+Javed+Ali/data=!4m7!3m6!1s0x390cfd20d9249639:0x5476181e6136aeba!8m2!3d28.6436562!4d77.2377166!16s%2Fg%2F11g8x0_vtb!19sChIJOZYk2SD9DDkRuq42YR4YdlQ?authuser=0&hl=en&rclk=1,Tattoo Guru Javed Ali
J_S0EVBf9DDkRzHvEs-_7oZw," S13, Sir Syed Ahmed Khan Rd, behind delite cinema, Bazar Chitli Qabar, Rakab Ganj, Sheesh Mahal, Ganjmeer, Delhi, 110002",Sign shop, 082876 08127,28.6430314,77.2362103,https://www.google.com/maps/place/S.+S.+Sign+Board/data=!4m7!3m6!1s0x390cfd1754042dfd:0x9ca1fbefb3c47bcc!8m2!3d28.6430314!4d77.2362103!16s%2Fg%2F11p04vtz_d!19sChIJ_S0EVBf9DDkRzHvEs-_7oZw?authuser=0&hl=en&rclk=1,S. S. Sign Board
JkRwRXNj8DDkRvs2KSHkWGIg," 15, Dr. Ambedkar Stadium, Jawaharlal Nehru Marg, Delhi Gate, Vikram Nagar, Delhi, 110002",Carpet store, 098688 64333,28.639657,77.242252,https://www.google.com/maps/place/Raja+Carpets/data=!4m7!3m6!1s0x390cfcd85c111c91:0x88181679488acdbe!8m2!3d28.639657!4d77.242252!16s%2Fg%2F1wl4n_31!19sChIJkRwRXNj8DDkRvs2KSHkWGIg?authuser=0&hl=en&rclk=1,Raja Carpets
JkWsA1i_9DDkRPutJt9ziAF4," 4846, 49/24, Ansari Rd, near Sanjeevan Hospital, Daryaganj, New Delhi, Delhi, 110002",Medical Book Store, 082870 98822,28.6411974,77.24358,https://www.google.com/maps/place/All+India+Book+House-+AIBH/data=!4m7!3m6!1s0x390cfd2fd6006b91:0x5e00e2dcb749eb3e!8m2!3d28.6411974!4d77.24358!16s%2Fg%2F11fmxtqgl5!19sChIJkWsA1i_9DDkRPutJt9ziAF4?authuser=0&hl=en&rclk=1,All India Book House- AIBH
JHa7Mad_8DDkRzThINJhuliw," 68, Dr Subhash Bhargava Marg, Daryaganj, New Delhi, Delhi, 110002",Book store, 011 4007 1318,28.6437892,77.2417188,https://www.google.com/maps/place/BookVistas.com/data=!4m7!3m6!1s0x390cfcdf69ccae1d:0x2c966e98344838cd!8m2!3d28.6437892!4d77.2417188!16s%2Fg%2F1ptwflrt5!19sChIJHa7Mad_8DDkRzThINJhuliw?authuser=0&hl=en&rclk=1,BookVistas.com
JCULA0ND8DDkRWidufUnYHK0," 12-H, New Daryaganj Road, opp. Officers' Mess, New Delhi, Delhi 110002",Children's Book Store, 011 2326 1567,28.6352202,77.2468858,https://www.google.com/maps/place/Little+Scholarz+Pvt.+Ltd/data=!4m7!3m6!1s0x390cfcd0d0c04209:0xad1cd8497d6e275a!8m2!3d28.6352202!4d77.2468858!16s%2Fg%2F11g020nx96!19sChIJCULA0ND8DDkRWidufUnYHK0?authuser=0&hl=en&rclk=1,Little Scholarz Pvt. Ltd
JBRU-HNn8DDkR6ZUS54jl56o," 4859, 24, Ansari Rd, Daryaganj, New Delhi, Delhi, 110002",Book publisher, 011 4354 6000,28.6416739,77.2432523,https://www.google.com/maps/place/Sultan+Chand+%26+Sons+Pvt.+Ltd./data=!4m7!3m6!1s0x390cfcd91c3e1505:0xaae7e588e71295e9!8m2!3d28.6416739!4d77.2432523!16s%2Fg%2F1tf7_zsn!19sChIJBRU-HNn8DDkR6ZUS54jl56o?authuser=0&hl=en&rclk=1,Sultan Chand & Sons Pvt. Ltd.
JPTD_4CD9DDkR3OIS99M5fN8," G-7, Vardhman City 2 Plaza, Asaf Ali Rd, Kalyanpura, Chandni Chowk, New Delhi, Delhi, 110002",Indian, 088105 77074,28.6424975,77.2318719,https://www.google.com/maps/place/Smile+Darbar+A+Family+Restaurant/data=!4m7!3m6!1s0x390cfd20e0ff303d:0xdf7c39d3f712e2dc!8m2!3d28.6424975!4d77.2318719!16s%2Fg%2F11fphhdgp8!19sChIJPTD_4CD9DDkR3OIS99M5fN8?authuser=0&hl=en&rclk=1,Smile Darbar A Family Restaurant
JFzkmDJ4CDTkRSsgpEawWkFo," Municipal Market, 131, Karol Bagh, New Delhi, Delhi 110005 Located in: Sai care salutions",Cell phone store, 098109 56020,28.6501151,77.1908037,https://www.google.com/maps/place/Vaishno+Electronics+Private+Limited/data=!4m7!3m6!1s0x390d029e0c263917:0x5a9016ac1129c84a!8m2!3d28.6501151!4d77.1908037!16s%2Fg%2F1tr9ltpl!19sChIJFzkmDJ4CDTkRSsgpEawWkFo?authuser=0&hl=en&rclk=1,Vaishno Electronics Private Limited
Jw0HPwdj8DDkRkiFxd4CQciQ," 74, Daryaganj, Delhi, 110002",Electronics store, 080 3376 7468,28.6417592,77.2422415,"https://www.google.com/maps/place/Elgin+Electronics+Private+Limited+%7C+Authorised+Distributor+of+Pioneer+TOA+,+QSC+JBL+in+Delhi/data=!4m7!3m6!1s0x390cfcd8c1cf41c3:0x2472908077712192!8m2!3d28.6417592!4d77.2422415!16s%2Fg%2F11cmzdv74l!19sChIJw0HPwdj8DDkRkiFxd4CQciQ?authuser=0&hl=en&rclk=1","Elgin Electronics Private Limited | Authorised Distributor of Pioneer TOA , QSC JBL in Delhi"
JM_0wZN_8DDkRr40nruKKhiY," No 4935/3, Hotel Flora Building, Dayanand Rd, Daryaganj, New Delhi, Delhi, 110002",Cell phone store, 098100 50365,28.6448209,77.2410326,https://www.google.com/maps/place/Samsung+Experience+Store+-+Phonestore+-+Darya+Ganj/data=!4m7!3m6!1s0x390cfcdf6430fd33:0x26868ae2ae278daf!8m2!3d28.6448209!4d77.2410326!16s%2Fg%2F1ptzj82yv!19sChIJM_0wZN_8DDkRr40nruKKhiY?authuser=0&hl=en&rclk=1,Samsung Experience Store - Phonestore - Darya Ganj
JGSj-4k_9DDkRyXy6sVpNL2s," Shop No 60, Ground Floor, Dayanand Rd, Daryaganj, New Delhi, Delhi, 110002",Pharmacy, 011 4351 6971,28.6448269,77.2412763,https://www.google.com/maps/place/Cantabil/data=!4m7!3m6!1s0x390cfd4fe2fe2819:0x6b2f4d5ab1ba7cc9!8m2!3d28.6448269!4d77.2412763!16s%2Fg%2F11gnprlrg0!19sChIJGSj-4k_9DDkRyXy6sVpNL2s?authuser=0&hl=en&rclk=1,Cantabil