loginid,outletcode,qId,question,user_answer,llm_response
DSR-GT-NCR-857,outlet1,1001,Kaun-kaun se Mars ke products aapke store pe available hain?,"Haan, humare store pe Snickers, Mars Bar aur Twix available hain.","```json
{
  ""productList"": [""Snickers"", ""Mars Bar"", ""Twix""]
}
```
"
DSR-GT-NCR-857,outlet1,1002,"Aapke store pe kaunse products sabse zyada bikte hain, aur aap khud regularly kaunse products lete hain?","Snickers sabse zyada bikta hai, aur mai khud bhi aksar Bounty leta hoon.","```json
[
  {
    ""productList"": ""Snickers"",
    ""frequency"": ""highest selling"",
    ""reason"": ""Customer preference (implied)""
  },
  {
    ""productList"": ""Bounty"",
    ""frequency"": ""often"",
    ""reason"": ""Personal preference""
  }
]
```
"
DSR-GT-NCR-857,outlet1,1003,Abhi filhaal kaunse products ki demand zyada chal rahi hai?,"Filhaal Mars Bar ki demand zyada hai, kyunki uspe achha discount chal raha hai.","```json
[
  {
    ""productList"": ""Mars Bar"",
    ""reason"": ""Achha discount chal raha hai""
  }
]
```
"
DSR-GT-NCR-857,outlet1,1004,Jab scheme milta hai toh sales badhti hai ya waise hi rehti hai?,"Haan, jab scheme milti hai toh sales badhti hai, kyunki log discount dekh ke zyada kharidte hain.","```json
{
  ""feedback"": ""positive"",
  ""reason"": ""Promotional schemes generally lead to increased sales because they offer incentives like discounts, which attract customers and encourage them to purchase more.""
}
```
"
DSR-GT-NCR-857,outlet1,1005,Kya customers Mars ke naye products try karne me interested hote hain?,"Haan, naye products try karne ka shauk hota hai customers ko, lekin agar koi achha offer ho toh aur bhi zyada interest dikhate hain.","```json
{
  ""feedback"": ""positive"",
  ""reason"": ""The user states \""Haan, naye products try karne ka shauk hota hai customers ko...\"" which translates to \""Yes, customers are interested in trying new products...\"".  While they mention offers increasing interest, the base statement confirms a pre-existing interest in new products.""
}
```
"
